{"frechet_distance": 86.07078212059437, "frechet_audio_distance": 6.642291445088638, "kullback_leibler_divergence_sigmoid": 7.952368259429932, "kullback_leibler_divergence_softmax": 3.9092533588409424, "lsd": NaN, "psnr": NaN, "ssim": NaN, "inception_score_mean": 2.800099898038701, "inception_score_std": 0.2748310789091392, "kernel_inception_distance_mean": NaN, "kernel_inception_distance_std": NaN}