{"frechet_distance": 74.93339506097234, "frechet_audio_distance": 4.698936543174767, "kullback_leibler_divergence_sigmoid": 6.691864013671875, "kullback_leibler_divergence_softmax": 3.238847494125366, "lsd": NaN, "psnr": NaN, "ssim": NaN, "inception_score_mean": 4.004002378780648, "inception_score_std": 0.32205661756150145, "kernel_inception_distance_mean": NaN, "kernel_inception_distance_std": NaN}