{"frechet_distance": 79.305631683685, "frechet_audio_distance": 5.5217899039316265, "kullback_leibler_divergence_sigmoid": 7.3266825675964355, "kullback_leibler_divergence_softmax": 3.580653667449951, "lsd": NaN, "psnr": NaN, "ssim": NaN, "inception_score_mean": 3.3008542117835438, "inception_score_std": 0.2632578701052891, "kernel_inception_distance_mean": NaN, "kernel_inception_distance_std": NaN}