{"frechet_distance": 86.45212765340719, "frechet_audio_distance": 6.990566120719201, "kullback_leibler_divergence_sigmoid": 8.460692405700684, "kullback_leibler_divergence_softmax": 4.30444860458374, "lsd": NaN, "psnr": NaN, "ssim": NaN, "inception_score_mean": 2.641252660680718, "inception_score_std": 0.16270680334856855, "kernel_inception_distance_mean": NaN, "kernel_inception_distance_std": NaN}