{"frechet_distance": 89.12020516977606, "frechet_audio_distance": 6.905628887364628, "kullback_leibler_divergence_sigmoid": 8.968395233154297, "kullback_leibler_divergence_softmax": 4.542842864990234, "lsd": NaN, "psnr": NaN, "ssim": NaN, "inception_score_mean": 2.547152743586343, "inception_score_std": 0.19501950332589987, "kernel_inception_distance_mean": NaN, "kernel_inception_distance_std": NaN}