{"frechet_distance": 87.59219052532788, "frechet_audio_distance": 6.72897953899151, "kullback_leibler_divergence_sigmoid": 8.027289390563965, "kullback_leibler_divergence_softmax": 4.019321441650391, "lsd": NaN, "psnr": NaN, "ssim": NaN, "inception_score_mean": 2.7132171712442643, "inception_score_std": 0.3069501144891868, "kernel_inception_distance_mean": NaN, "kernel_inception_distance_std": NaN}