{"frechet_distance": 83.75691106704929, "frechet_audio_distance": 6.503487308869325, "kullback_leibler_divergence_sigmoid": 7.918324947357178, "kullback_leibler_divergence_softmax": 3.8740663528442383, "lsd": NaN, "psnr": NaN, "ssim": NaN, "inception_score_mean": 3.0789491891981564, "inception_score_std": 0.17568043473807363, "kernel_inception_distance_mean": NaN, "kernel_inception_distance_std": NaN}