{"frechet_distance": 75.9504855232523, "frechet_audio_distance": 5.200676930136623, "kullback_leibler_divergence_sigmoid": 7.287141799926758, "kullback_leibler_divergence_softmax": 3.5709943771362305, "lsd": NaN, "psnr": NaN, "ssim": NaN, "inception_score_mean": 3.597603272191484, "inception_score_std": 0.24311735352109776, "kernel_inception_distance_mean": NaN, "kernel_inception_distance_std": NaN}