{"frechet_distance": 87.45853200258763, "frechet_audio_distance": 6.7794130160582995, "kullback_leibler_divergence_sigmoid": 8.251350402832031, "kullback_leibler_divergence_softmax": 4.1148200035095215, "lsd": NaN, "psnr": NaN, "ssim": NaN, "inception_score_mean": 2.7497133206988527, "inception_score_std": 0.172607859707297, "kernel_inception_distance_mean": NaN, "kernel_inception_distance_std": NaN}