{"frechet_distance": 81.73747484553762, "frechet_audio_distance": 5.887380627997594, "kullback_leibler_divergence_sigmoid": 7.259749889373779, "kullback_leibler_divergence_softmax": 3.600470542907715, "lsd": NaN, "psnr": NaN, "ssim": NaN, "inception_score_mean": 3.1478929041284296, "inception_score_std": 0.1142051390792693, "kernel_inception_distance_mean": NaN, "kernel_inception_distance_std": NaN}