{"frechet_distance": 93.15408973511906, "frechet_audio_distance": 7.242942682344008, "kullback_leibler_divergence_sigmoid": 8.747544288635254, "kullback_leibler_divergence_softmax": 4.394143104553223, "lsd": NaN, "psnr": NaN, "ssim": NaN, "inception_score_mean": 2.4251163051862132, "inception_score_std": 0.1633583025184025, "kernel_inception_distance_mean": NaN, "kernel_inception_distance_std": NaN}