{"frechet_distance": 81.92637208782887, "frechet_audio_distance": 9.74975025683726, "kullback_leibler_divergence_sigmoid": 8.962739944458008, "kullback_leibler_divergence_softmax": 4.454648017883301, "lsd": NaN, "psnr": NaN, "ssim": NaN, "inception_score_mean": 3.0476972661208963, "inception_score_std": 0.21272225258951258, "kernel_inception_distance_mean": NaN, "kernel_inception_distance_std": NaN}