{"frechet_distance": 74.66348009342713, "frechet_audio_distance": 4.966640895814102, "kullback_leibler_divergence_sigmoid": 6.802639961242676, "kullback_leibler_divergence_softmax": 3.349926471710205, "lsd": NaN, "psnr": NaN, "ssim": NaN, "inception_score_mean": 4.049398975562194, "inception_score_std": 0.4764200994501757, "kernel_inception_distance_mean": NaN, "kernel_inception_distance_std": NaN}