{"frechet_distance": 86.22085042741858, "frechet_audio_distance": 5.981702693672844, "kullback_leibler_divergence_sigmoid": 7.854365825653076, "kullback_leibler_divergence_softmax": 3.8563878536224365, "lsd": NaN, "psnr": NaN, "ssim": NaN, "inception_score_mean": 2.96920945494393, "inception_score_std": 0.15018194259630288, "kernel_inception_distance_mean": NaN, "kernel_inception_distance_std": NaN}