{"frechet_distance": 82.66017337725711, "frechet_audio_distance": 6.1695595334741995, "kullback_leibler_divergence_sigmoid": 8.65957260131836, "kullback_leibler_divergence_softmax": 4.372558116912842, "lsd": NaN, "psnr": NaN, "ssim": NaN, "inception_score_mean": 2.7731156615469117, "inception_score_std": 0.17306021846591604, "kernel_inception_distance_mean": NaN, "kernel_inception_distance_std": NaN}