{"frechet_distance": 74.91364095384797, "frechet_audio_distance": 5.273331217740193, "kullback_leibler_divergence_sigmoid": 7.062450408935547, "kullback_leibler_divergence_softmax": 3.407809257507324, "lsd": NaN, "psnr": NaN, "ssim": NaN, "inception_score_mean": 3.7198697813106825, "inception_score_std": 0.2825034138550544, "kernel_inception_distance_mean": NaN, "kernel_inception_distance_std": NaN}