{"frechet_distance": 81.59532314513743, "frechet_audio_distance": 6.274742028295009, "kullback_leibler_divergence_sigmoid": 7.597111225128174, "kullback_leibler_divergence_softmax": 3.8087658882141113, "lsd": NaN, "psnr": NaN, "ssim": NaN, "inception_score_mean": 3.326539104965407, "inception_score_std": 0.20173257673449016, "kernel_inception_distance_mean": NaN, "kernel_inception_distance_std": NaN}