{"frechet_distance": 80.48691262499766, "frechet_audio_distance": 5.4938738932692885, "kullback_leibler_divergence_sigmoid": 7.310698509216309, "kullback_leibler_divergence_softmax": 3.613323926925659, "lsd": NaN, "psnr": NaN, "ssim": NaN, "inception_score_mean": 3.315569597743379, "inception_score_std": 0.273242244938037, "kernel_inception_distance_mean": NaN, "kernel_inception_distance_std": NaN}