{"frechet_distance": 89.02166632146813, "frechet_audio_distance": 7.520894365526203, "kullback_leibler_divergence_sigmoid": 8.472614288330078, "kullback_leibler_divergence_softmax": 4.29042387008667, "lsd": NaN, "psnr": NaN, "ssim": NaN, "inception_score_mean": 2.801838751941564, "inception_score_std": 0.26597237330670687, "kernel_inception_distance_mean": NaN, "kernel_inception_distance_std": NaN}