{"frechet_distance": 77.41472067760768, "frechet_audio_distance": 5.376796036816145, "kullback_leibler_divergence_sigmoid": 7.157269477844238, "kullback_leibler_divergence_softmax": 3.551647663116455, "lsd": NaN, "psnr": NaN, "ssim": NaN, "inception_score_mean": 3.7718936491793604, "inception_score_std": 0.34482594757723317, "kernel_inception_distance_mean": NaN, "kernel_inception_distance_std": NaN}